<?xml version="1.0" encoding="UTF-8"?>
<project-private xmlns="http://www.netbeans.org/ns/project-private/1">
    <editor-bookmarks xmlns="http://www.netbeans.org/ns/editor-bookmarks/2" lastBookmarkId="0"/>
    <open-files xmlns="http://www.netbeans.org/ns/projectui-open-files/2">
        <group>
            <file>file:/C:/Users/Vinicio%20Geovany/Desktop/Servicios%20Informáticos%20y%20Académicos%20VG/Proyectos%20Subidos/Integral/src/Integral/Integral.java</file>
            <file>file:/C:/Users/Vinicio%20Geovany/Desktop/Servicios%20Informáticos%20y%20Académicos%20VG/Proyectos%20Subidos/Integral/src/Integral/ClsPolinomio.java</file>
            <file>file:/C:/Users/Vinicio%20Geovany/Desktop/Servicios%20Informáticos%20y%20Académicos%20VG/Proyectos%20Subidos/Integral/src/Integral/WinIntegracion.java</file>
        </group>
    </open-files>
</project-private>
